{
  "project_info": {
    "project_number": "4597496350",
    "project_id": "chat1a",
    "storage_bucket": "chat1a.appspot.com"
  },
  "client": [
    {
      "client_info": {
        "mobilesdk_app_id": "1:4597496350:android:2a81714dd234d8da330c0f",
        "android_client_info": {
          "package_name": "com.example.chat"
        }
      },
      "oauth_client": [
        {
          "client_id": "4597496350-k8rhs2es4ug866apf0ce09c831n96sms.apps.googleusercontent.com",
          "client_type": 3
        }
      ],
      "api_key": [
        {
          "current_key": "AIzaSyCxFguLUSKHGXHtq4NNk-3HuM61D2SMR7o"
        }
      ],
      "services": {
        "appinvite_service": {
          "other_platform_oauth_client": [
            {
              "client_id": "4597496350-k8rhs2es4ug866apf0ce09c831n96sms.apps.googleusercontent.com",
              "client_type": 3
            }
          ]
        }
      }
    }
  ],
  "configuration_version": "1"
}